ID,TIME,AMT,DV,MDV
1,0,0,0,0
1,0,4,.,1
1,0.33,0,9.4,0
1,0.66,0,13.71,0
1,1,0,16.52,0
1,1.5,0,29.36,0
1,2,0,26,0
1,3,0,36.55,0
1,4,0,33.52,0
1,6,0,42.97,0
1,8,0,33.01,0
1,12,0,22.24,0
1,24,0,8.25,0
1,47.99,0,1.65,0
1,72,0,0.21,0
1,95.99,0,0.29,0
1,119.99,0,0.25,0
1,167.99,0,0.48,0
1,216.01,0,0.28,0
2,0,0,0,0
2,0,4,.,1
2,0.33,0,17.27,0
2,0.66,0,21.57,0
2,1,0,26.82,0
2,1.5,0,35.12,0
2,2,0,39.24,0
2,3,0,51.25,0
2,4,0,55.06,0
2,6,0,49.56,0
2,8,0,39.76,0
2,12,0,36.36,0
2,24,0,11.37,0
2,48.05,0,1.81,0
2,72.04,0,0.1,0
2,96.1,0,0.2,0
2,120.08,0,0,0
2,168.04,0,0,0
2,216.04,0,0.22,0
3,0,0,0,0
3,0,4,.,1
3,0.33,0,6.85,0
3,0.66,0,11.13,0
3,1,0,13.02,0
3,1.5,0,21.9,0
3,2,0,21.54,0
3,3,0,26.59,0
3,4,0,27.15,0
3,6,0,27,0
3,8,0,21.55,0
3,12,0,20.03,0
3,24,0,6.35,0
3,48,0,0.62,0
3,72,0,0.33,0
3,96,0,0,0
3,120,0,0,0
3,168.01,0,0,0
3,216.01,0,0.09,0
4,0,0,0,0
4,0,4,.,1
4,0.33,0,13.24,0
4,0.66,0,23.16,0
4,1,0,35.35,0
4,1.5,0,41.94,0
4,2,0,43.52,0
4,3,0,50.86,0
4,4,0,49.04,0
4,6,0,44.2,0
4,8,0,43.3,0
4,12,0,23.35,0
4,24,0,7.59,0
4,48,0,1.08,0
4,72.01,0,0,0
4,96.02,0,0.36,0
4,120.02,0,0.37,0
4,168.02,0,0.1,0
4,216.02,0,0,0
5,0,0,0,0
5,0,4,.,1
5,0.33,0,11.21,0
5,0.66,0,16.04,0
5,1,0,22.01,0
5,1.5,0,26.48,0
5,2,0,29.76,0
5,3,0,34.29,0
5,4,0,40.36,0
5,6,0,36.39,0
5,8,0,31.37,0
5,12,0,23.74,0
5,24,0,6.45,0
5,48.02,0,0.08,0
5,72.01,0,0,0
5,96,0,0,0
5,120.02,0,0.08,0
5,168,0,0,0
5,216.02,0,0.02,0
6,0,0,0,0
6,0,4,.,1
6,0.33,0,8.53,0
6,0.66,0,13.47,0
6,1,0,13.5,0
6,1.5,0,18.83,0
6,2,0,19.23,0
6,3,0,27.36,0
6,4,0,24.52,0
6,6,0,27.85,0
6,8,0,23.61,0
6,12,0,14.11,0
6,24,0,4.16,0
6,47.99,0,0,0
6,71.99,0,0.26,0
6,96,0,0.27,0
6,119.97,0,0,0
6,167.98,0,0,0
6,216.01,0,0.31,0
7,0,0,0,0
7,0,4,.,1
7,0.33,0,6.51,0
7,0.66,0,10.73,0
7,1,0,15.52,0
7,1.5,0,19.02,0
7,2,0,21.01,0
7,3,0,23.03,0
7,4,0,25.28,0
7,6,0,36.84,0
7,8,0,31.15,0
7,12,0,24,0
7,24,0,11.16,0
7,48,0,2.41,0
7,72,0,0.31,0
7,96.01,0,0,0
7,120.02,0,0.03,0
7,168.02,0,0.03,0
7,216.02,0,0,0
8,0,0,0,0
8,0,4,.,1
8,0.33,0,10.15,0
8,0.66,0,16.85,0
8,1,0,18.13,0
8,1.5,0,23.05,0
8,2,0,24.05,0
8,3,0,34.36,0
8,4,0,35.1,0
8,6,0,27.73,0
8,8,0,19.13,0
8,12,0,16.1,0
8,24,0,3.15,0
8,47.99,0,0,0
8,72.07,0,0,0
8,96,0,0,0
8,120.09,0,0.23,0
8,167.99,0,0,0
8,216.07,0,0.12,0
9,0,0,0,0
9,0,4,.,1
9,0.33,0,20.21,0
9,0.66,0,26.59,0
9,1,0,42.94,0
9,1.5,0,44.86,0
9,2,0,44.15,0
9,3,0,50.71,0
9,4,0,67.24,0
9,6,0,51.71,0
9,8,0,57.58,0
9,12,0,39.02,0
9,24,0,16.69,0
9,47.99,0,1.35,0
9,72,0,0.37,0
9,96,0,0,0
9,119.99,0,0,0
9,168,0,0.05,0
9,216.01,0,0.29,0
10,0,0,0,0
10,0,4,.,1
10,0.33,0,8.68,0
10,0.66,0,15.69,0
10,1,0,18.98,0
10,1.5,0,23.04,0
10,2,0,22.19,0
10,3,0,25.9,0
10,4,0,34.05,0
10,6,0,32.63,0
10,8,0,32.68,0
10,12,0,19.39,0
10,24,0,5.23,0
10,47.99,0,0.65,0
10,72,0,0.48,0
10,95.99,0,0.03,0
10,119.99,0,0.53,0
10,167.99,0,0,0
10,216,0,0,0
11,0,0,0,0
11,0,4,.,1
11,0.33,0,10.08,0
11,0.66,0,16.2,0
11,1,0,17.22,0
11,1.5,0,21.37,0
11,2,0,27.77,0
11,3,0,35.28,0
11,4,0,42.21,0
11,6,0,35.86,0
11,8,0,30.93,0
11,12,0,25.21,0
11,24,0,7.56,0
11,47.99,0,0.4,0
11,71.98,0,0,0
11,95.99,0,0,0
11,119.97,0,0,0
11,167.98,0,0.06,0
11,215.98,0,0,0
12,0,0,0,0
12,0,4,.,1
12,0.33,0,11.56,0
12,0.66,0,18.57,0
12,1,0,17.83,0
12,1.5,0,28.21,0
12,2,0,31.99,0
12,3,0,35.47,0
12,4,0,40.47,0
12,6,0,36.61,0
12,8,0,31.42,0
12,12,0,22.97,0
12,24,0,8.01,0
12,47.99,0,1.02,0
12,72,0,0.53,0
12,96.02,0,0,0
12,120,0,0.34,0
12,168.02,0,0,0
12,216,0,0.19,0
13,0,0,0,0
13,0,4,.,1
13,0.33,0,11.93,0
13,0.66,0,18.99,0
13,1,0,25.76,0
13,1.5,0,28.92,0
13,2,0,30.73,0
13,3,0,33.69,0
13,4,0,42.51,0
13,6,0,42.7,0
13,8,0,31.45,0
13,12,0,20.88,0
13,24,0,4.91,0
13,47.99,0,0.14,0
13,72.01,0,0,0
13,96.03,0,0.54,0
13,120.07,0,0,0
13,168.11,0,0.13,0
13,216.03,0,0.23,0
14,0,0,0,0
14,0,4,.,1
14,0.33,0,6.83,0
14,0.66,0,12.46,0
14,1,0,13.94,0
14,1.5,0,23.13,0
14,2,0,27.46,0
14,3,0,28.83,0
14,4,0,27.84,0
14,6,0,27.32,0
14,8,0,22.2,0
14,12,0,15.02,0
14,24,0,6.78,0
14,48.01,0,0.51,0
14,72.05,0,0.01,0
14,96.01,0,0,0
14,120.01,0,0.02,0
14,168,0,0,0
14,216.01,0,0,0
15,0,0,0,0
15,0,4,.,1
15,0.33,0,13.24,0
15,0.66,0,16.58,0
15,1,0,18.4,0
15,1.5,0,25.75,0
15,2,0,30.11,0
15,3,0,35.41,0
15,4,0,36.39,0
15,6,0,37.04,0
15,8,0,28.11,0
15,12,0,25.62,0
15,24,0,6.57,0
15,48,0,0.97,0
15,72.02,0,0,0
15,96,0,0,0
15,119.99,0,0,0
15,167.99,0,0,0
15,215.99,0,0.17,0
16,0,0,0,0
16,0,4,.,1
16,0.33,0,10.68,0
16,0.66,0,17.63,0
16,1,0,22.6,0
16,1.5,0,25.96,0
16,2,0,26.23,0
16,3,0,36.61,0
16,4,0,34.27,0
16,6,0,40.1,0
16,8,0,31.77,0
16,12,0,18.44,0
16,24,0,6.42,0
16,48,0,0.91,0
16,72.01,0,0.43,0
16,96.01,0,0.11,0
16,120,0,0.43,0
16,168,0,0,0
16,216,0,0.44,0
17,0,0,0,0
17,0,4,.,1
17,0.33,0,13.32,0
17,0.66,0,15.94,0
17,1,0,22.63,0
17,1.5,0,31.41,0
17,2,0,30.71,0
17,3,0,38.45,0
17,4,0,48.38,0
17,6,0,46.56,0
17,8,0,37.84,0
17,12,0,29.55,0
17,24,0,9.28,0
17,48.01,0,0.57,0
17,72,0,0.35,0
17,96,0,0.04,0
17,120.02,0,0,0
17,167.99,0,0.05,0
17,216,0,0.42,0
18,0,0,0,0
18,0,4,.,1
18,0.33,0,16.78,0
18,0.66,0,26.79,0
18,1,0,31.94,0
18,1.5,0,37.44,0
18,2,0,44.5,0
18,3,0,47.95,0
18,4,0,52.44,0
18,6,0,45.34,0
18,8,0,44.54,0
18,12,0,26.45,0
18,24,0,7.07,0
18,48,0,1.26,0
18,71.98,0,0.08,0
18,95.99,0,0.19,0
18,119.98,0,0,0
18,167.98,0,0.59,0
18,216,0,0,0
19,0,0,0,0
19,0,4,.,1
19,0.33,0,13.64,0
19,0.66,0,18.43,0
19,1,0,23.15,0
19,1.5,0,31.24,0
19,2,0,36.98,0
19,3,0,45.77,0
19,4,0,49.04,0
19,6,0,40.52,0
19,8,0,39.5,0
19,12,0,34.33,0
19,24,0,7.35,0
19,48,0,0.86,0
19,71.98,0,0,0
19,95.98,0,0,0
19,119.98,0,0,0
19,167.98,0,0,0
19,216,0,0,0
20,0,0,0,0
20,0,4,.,1
20,0.33,0,14.38,0
20,0.66,0,22.97,0
20,1,0,26.9,0
20,1.5,0,34.93,0
20,2,0,34.76,0
20,3,0,46.09,0
20,4,0,40.99,0
20,6,0,57.29,0
20,8,0,43.85,0
20,12,0,26.23,0
20,24,0,10.03,0
20,48.01,0,0.73,0
20,72.02,0,0.37,0
20,96,0,0.23,0
20,119.99,0,0,0
20,167.99,0,0,0
20,216.02,0,0.45,0
21,0,0,0,0
21,0,4,.,1
21,0.33,0,7.55,0
21,0.66,0,12.1,0
21,1,0,20.66,0
21,1.5,0,20.95,0
21,2,0,29.47,0
21,3,0,34.27,0
21,4,0,33.35,0
21,6,0,27.32,0
21,8,0,24.12,0
21,12,0,14.05,0
21,24,0,3.22,0
21,48.01,0,0.96,0
21,72.03,0,0.06,0
21,96,0,0,0
21,119.99,0,0.16,0
21,168.01,0,0,0
21,216.02,0,0,0
22,0,0,0,0
22,0,4,.,1
22,0.33,0,28.95,0
22,0.66,0,34.03,0
22,1,0,50.9,0
22,1.5,0,62.64,0
22,2,0,60.74,0
22,3,0,64.73,0
22,4,0,66.52,0
22,6,0,62.69,0
22,8,0,46.53,0
22,12,0,25.25,0
22,24,0,8.73,0
22,47.99,0,0.16,0
22,71.98,0,0,0
22,95.99,0,0.53,0
22,119.99,0,0,0
22,167.99,0,0,0
22,216,0,0.47,0
23,0,0,0,0
23,0,4,.,1
23,0.33,0,11.66,0
23,0.66,0,14.35,0
23,1,0,19.9,0
23,1.5,0,17.77,0
23,2,0,29.85,0
23,3,0,21.53,0
23,4,0,32.91,0
23,6,0,28.68,0
23,8,0,24.12,0
23,12,0,16.41,0
23,24,0,4.26,0
23,48.01,0,0,0
23,72.03,0,0.16,0
23,96.01,0,0,0
23,120.01,0,0.32,0
23,168.01,0,0,0
23,216.01,0,0,0
24,0,0,0,0
24,0,4,.,1
24,0.33,0,10.18,0
24,0.66,0,14.63,0
24,1,0,23.12,0
24,1.5,0,27.06,0
24,2,0,29.38,0
24,3,0,35.31,0
24,4,0,37.5,0
24,6,0,31.74,0
24,8,0,30.18,0
24,12,0,21.03,0
24,24,0,7.25,0
24,48.01,0,0.7,0
24,71.99,0,0,0
24,96,0,0,0
24,120.02,0,0,0
24,167.99,0,0.68,0
24,216,0,0.08,0
