ID,AGE,WT,HT,SEX
1,39,74.7,176,1
2,28,70,175,1
3,45,71,178,1
4,27,52,168,2
5,30,74.5,176.5,1
6,41,45,163,2
7,24,72.5,176.5,1
8,38,48,165,2
9,39,62.4,166,2
10,29,51.8,157,2
11,26,71,175,1
12,45,75,176,1
13,30,54.8,160.5,2
14,38,51.8,166.5,2
15,36,64.5,176,1
16,38,47,161,2
17,41,77,180,1
18,37,72,184,1
19,37,66,172,2
20,37,78,181,1
21,25,58,169,2
22,35,52,166,2
23,43,69,171,1
24,35,49,163,2
